A8,22.39,16.13,215.00,ANTENNA-BOARD,ANT_PCB_2.4GHZ_NRF8001_1.6MM_1OZ
B3,-22.00,17.00,315.00,PUSHBUTTON_SMD-VERTICAL-1,TE_FSM8JSMA_HS
C1,6.00,0.50,315.00,1uF,CAPC2012X140_HS
C10,3.50,-2.50,45.00,0.1uF,CAPC2012X140_HS
C11,-5.00,8.50,0.00,0.1uF,CAPC2012X140_HS
C12,-16.00,-17.00,0.00,47uF,CAPMP3216X180
C13,22.50,-14.00,45.00,1uF,CAPC2012X140_HS
C14,15.00,-10.00,225.00,1uF,CAPC2012X140_HS
C15,9.50,-8.50,90.00,47uF,CAPMP3216X180
C16,-3.50,-3.50,135.00,0.1uF,CAPC2012X140_HS
C2,16.00,11.50,315.00,1uF,CAPC2012X140_HS
C3,8.00,20.00,304.00,22pF,CAPC2012X140_HS
C4,13.00,19.00,135.00,0.75pF,CAPC2012X140_HS
C5,13.00,-1.00,225.00,12pF,CAPC2012X140_HS
C6,16.50,2.50,225.00,12pF,CAPC2012X140_HS
C7,2.00,20.50,0.00,1uF,CAPC2012X140_HS
C8,15.50,7.50,315.00,1uF,CAPC2012X140_HS
C9,-19.50,11.00,315.00,0.1uF,CAPC2012X140_HS
D1,-16.00,-26.00,225.00,red,0805_LED
D2,-27.00,-14.50,225.00,green,LEDSC125X200X120-2_HS
D3,0.50,-24.50,0.00,360mV,SODFL3516X96
D4,23.00,0.50,180.00,360mV,SODFL3516X96
D5,-5.00,25.00,270.00,360mV,SODFL3516X96
D6,-24.50,-4.00,0.00,360mV,SODFL3516X96
IM,0.00,0.00,45.00,LSM_IMU-LGA-14L-6AXIS,IMU_LSM6DS0X
J1,-11.50,-4.00,0.00,AVR_SPI_PRG_6-SMD,2X3-SMD
J2,-12.00,14.00,45.00,HEADER-4POS-0.1IN-FEMALE-SMD-BOTTOM-ENTRY,HEADER-1X4-BOTTOM-ENTRY
M1,0.00,-29.55,0.00,MOTOR_PADS_GND-MOLEX-SMD,MOLEX-0532610271
M2,29.55,0.00,90.00,MOTOR_PADS_GND-MOLEX-SMD,MOLEX-0532610271
M3,0.00,29.55,180.00,MOTOR_PADS_GND-MOLEX-SMD,MOLEX-0532610271
M4,-29.55,0.00,270.00,MOTOR_PADS_GND-MOLEX-SMD,MOLEX-0532610271
MC,5.50,10.50,225.00,ATMEGA128RFA1,QFN-64
N1,20.00,-9.00,135.00,NET_BRIDGE-NETTONET,NET_BRIDGE
Q1,6.00,-25.64,90.00,MOSFET-SOT-23-NMOSFET,SOT23-3-NMOSFET
Q2,23.64,-4.00,180.00,MOSFET-SOT-23-NMOSFET,SOT23-3-NMOSFET
Q3,-9.50,25.86,90.00,MOSFET-SOT-23-NMOSFET,SOT23-3-NMOSFET
Q4,-24.86,-9.00,180.00,MOSFET-SOT-23-NMOSFET,SOT23-3-NMOSFET
Q5,-6.00,-22.86,270.00,MOSFET-SOT-23-NMOSFET,SOT23-3-NMOSFET
Q6,25.14,5.00,180.00,MOSFET-SOT-23-NMOSFET,SOT23-3-NMOSFET
Q7,7.50,29.64,270.00,MOSFET-SOT-23-NMOSFET,SOT23-3-NMOSFET
Q8,-23.64,0.50,0.00,MOSFET-SOT-23-NMOSFET,SOT23-3-NMOSFET
R1,-20.00,-13.00,0.00,330,RESC2012X60_HS
R10,-8.50,-29.50,180.00,120,0805_RESISTOR
R11,0.00,-19.50,0.00,10K,RESC2012X60_HS
R12,17.50,-2.50,0.00,10K,RESC2012X60_HS
R13,31.00,-8.00,270.00,100,RESC2012X60_HS
R14,5.50,25.00,0.00,10K,RESC2012X60_HS
R15,-31.00,-8.50,315.00,100,RESC2012X60_HS
R16,-10.00,7.00,0.00,10K,RESC2012X60_HS
R17,-4.50,13.00,225.00,10K,RESC2012X60_HS
R18,-8.00,30.50,180.00,100,RESC2012X60_HS
R19,-3.50,19.00,45.00,10K,RESC2012X60_HS
R2,-12.50,-11.00,0.00,10K,RESC2012X60_HS
R3,-12.00,-22.00,0.00,330,RESC2012X60_HS
R4,6.00,-21.00,0.00,10K,RESC2012X60_HS
R5,17.00,-5.50,0.00,10K,RESC2012X60_HS
R6,0.50,24.00,0.00,10K,RESC2012X60_HS
R7,-20.00,-7.50,270.00,10K,RESC2012X60_HS
R8,8.50,-30.00,0.00,2K,RESC2012X60_HS
R9,6.00,-16.00,0.00,1.5K,0805_RESISTOR
RD,11.00,16.50,225.00,BALUN0805,BALUN
RG,18.50,-12.00,45.00,3V,SOT23-DBV
S1,-21.06,-19.56,315.00,POWER-SWITCH-MFS201N-9-Z-SMD-EDGE,JS102011SAQN
Y1,12.00,3.50,45.00,CRYSTAL5X3,CRYSTAL-SMD-5X3
